{"glioma": {"precision": 0.9608695652173913, "recall": 0.7366666666666667, "f1-score": 0.8339622641509434, "support": 300.0}, "meningioma": {"precision": 0.6863636363636364, "recall": 0.9869281045751634, "f1-score": 0.8096514745308311, "support": 306.0}, "notumor": {"precision": 0.9972677595628415, "recall": 0.9012345679012346, "f1-score": 0.9468223086900129, "support": 405.0}, "pituitary": {"precision": 0.9818181818181818, "recall": 0.9, "f1-score": 0.9391304347826087, "support": 300.0}, "accuracy": 0.8832951945080092, "macro avg": {"precision": 0.9065797857405128, "recall": 0.8812073347857662, "f1-score": 0.8823916205385991, "support": 1311.0}, "weighted avg": {"precision": 0.9128352703744435, "recall": 0.8832951945080092, "f1-score": 0.887219066289821, "support": 1311.0}}