{"glioma": {"precision": 0.9911111111111112, "recall": 0.7433333333333333, "f1-score": 0.8495238095238096, "support": 300.0}, "meningioma": {"precision": 0.7696335078534031, "recall": 0.9607843137254902, "f1-score": 0.8546511627906976, "support": 306.0}, "notumor": {"precision": 0.9780487804878049, "recall": 0.9901234567901235, "f1-score": 0.9840490797546012, "support": 405.0}, "pituitary": {"precision": 0.9829931972789115, "recall": 0.9633333333333334, "f1-score": 0.9730639730639731, "support": 300.0}, "accuracy": 0.9206712433257056, "macro avg": {"precision": 0.9304466491828076, "recall": 0.9143936092955701, "f1-score": 0.9153220062832704, "support": 1311.0}, "weighted avg": {"precision": 0.9335231899448583, "recall": 0.9206712433257056, "f1-score": 0.9205487932043491, "support": 1311.0}}