{"loss": [0.664215624332428, 0.3343331515789032, 0.23622830212116241, 0.20231768488883972, 0.15101730823516846, 0.13262853026390076, 0.11181671172380447, 0.10686588287353516, 0.083255335688591, 0.0774797648191452], "sparse_categorical_accuracy": [0.7515350580215454, 0.8828313946723938, 0.9138272404670715, 0.9234996438026428, 0.9432842135429382, 0.9520773887634277, 0.959331750869751, 0.962848961353302, 0.9714223146438599, 0.973620593547821], "val_loss": [0.3173358738422394, 0.23558996617794037, 0.200203076004982, 0.1677238494157791, 0.15113286674022675, 0.1503257006406784, 0.14738968014717102, 0.124505415558815, 0.11590662598609924, 0.11737502366304398], "val_sparse_categorical_accuracy": [0.8766404390335083, 0.9125109314918518, 0.9230096340179443, 0.9405074119567871, 0.946631669998169, 0.9378827810287476, 0.9448819160461426, 0.959755003452301, 0.9588801264762878, 0.9685039520263672]}