{"loss": [0.6429406404495239, 0.31506696343421936, 0.23496946692466736, 0.18065907061100006, 0.158869668841362, 0.1406131535768509, 0.11402476578950882, 0.11315549165010452, 0.08924317359924316, 0.08268673717975616], "sparse_categorical_accuracy": [0.758552610874176, 0.8843702077865601, 0.9131677150726318, 0.9287755489349365, 0.9413057565689087, 0.9483402967453003, 0.959331750869751, 0.9604308605194092, 0.9681248664855957, 0.9690041542053223], "val_loss": [0.3507658839225769, 0.2500200867652893, 0.23396959900856018, 0.1745564043521881, 0.15906742215156555, 0.1401568353176117, 0.14030857384204865, 0.1298600435256958, 0.10979301482439041, 0.10368185490369797], "val_sparse_categorical_accuracy": [0.874015748500824, 0.9011373519897461, 0.9090113639831543, 0.9308836460113525, 0.93438321352005, 0.946631669998169, 0.9475065469741821, 0.9545056819915771, 0.9580052495002747, 0.9632545709609985]}